id,code,team,web_name,element_code,start_cost,end_cost,total_points,minutes,goals_scored,assists,clean_sheets,goals_conceded,own_goals,penalties_saved,penalties_missed,yellow_cards,red_cards,saves,bonus,bps,influence,creativity,threat,ict_index
1,69140,1,Mustafi,69140,55,54,80,2611,2,0,6,40,0,0,0,9,0,0,5,475,718.6,106.0,252.0,107.8
2,98745,1,Bellerín,98745,55,53,60,1532,0,5,4,21,1,0,0,3,0,0,5,304,261.6,197.8,280.0,73.7
3,111457,1,Kolasinac,111457,50,49,81,1886,0,7,5,29,1,0,0,5,0,0,10,382,323.2,445.9,242.0,101.0
4,154043,1,Maitland-Niles,154043,45,44,34,983,1,1,2,20,0,0,0,1,1,0,3,152,224.2,98.9,126.0,44.8
5,39476,1,Sokratis,39476,55,51,64,2198,1,2,5,33,0,0,0,12,0,0,4,402,513.8,67.9,120.0,70.4
6,38411,1,Monreal,38411,55,54,77,1860,1,4,5,24,0,0,0,5,0,0,7,392,413.2,196.6,224.0,83.4
7,51507,1,Koscielny,51507,55,54,62,1329,3,0,3,23,0,0,0,1,0,0,8,319,456.4,29.5,105.0,59.1
8,233963,1,Mavropanos,233963,50,47,3,147,0,0,0,1,0,0,0,1,0,0,0,28,27.0,14.1,10.0,5.2
9,80254,1,Jenkinson,80254,45,45,4,165,0,0,0,3,0,0,0,0,0,0,0,16,26.8,16.9,8.0,5.2
10,156074,1,Holding,156074,45,43,24,806,0,0,1,10,0,0,0,1,0,0,5,148,187.8,28.7,14.0,23.2
11,54694,1,Aubameyang,54694,110,108,205,2722,22,7,7,42,0,0,1,0,0,0,32,756,984.4,484.6,1429.0,289.6
12,59966,1,Lacazette,59966,95,94,166,2497,13,12,6,31,0,0,0,2,0,0,20,560,808.0,482.4,1319.0,260.6
13,205533,1,Nketiah,205533,50,50,10,63,1,0,0,3,0,0,0,0,0,0,1,36,40.8,14.7,59.0,11.4
14,80201,1,Leno,80201,50,49,106,2835,0,0,6,42,0,0,0,0,0,105,5,568,807.2,0.0,0.0,80.5
15,37605,1,Özil,37605,85,79,89,1732,5,3,5,24,0,0,0,2,0,0,9,363,429.6,714.2,254.0,140.0
16,57249,1,Mkhitaryan,57249,70,66,98,1637,6,4,3,26,0,0,0,1,0,0,12,354,446.4,454.9,600.0,150.2
17,153133,1,Iwobi,153133,55,54,99,1961,3,8,4,32,0,0,0,0,0,0,3,382,469.0,596.7,646.0,171.1
18,84450,1,Xhaka,84450,55,52,90,2498,4,3,7,37,0,0,0,10,0,0,8,452,634.6,674.0,215.0,152.6
19,198849,1,Torreira,198849,50,47,78,2377,2,4,5,38,0,0,0,7,1,0,6,409,440.8,301.0,203.0,94.5
20,153256,1,Elneny,153256,45,42,10,377,0,0,0,5,0,0,0,0,0,0,0,59,86.6,76.7,63.0,22.7
21,242166,1,Guendouzi,242166,45,44,47,2140,0,0,3,32,0,0,0,9,0,0,0,321,323.2,312.4,130.0,76.6
427,98980,1,Martínez,98980,40,40,0,0,0,0,0,0,0,0,0,0,0,0,0,0,0.0,0.0,0.0,0.0
467,101184,1,Chambers,101184,45,42,60,2586,2,0,5,52,0,0,0,9,0,0,0,431,609.0,231.9,401.0,124.5
489,200641,1,Nelson,200641,45,44,0,0,0,0,0,0,0,0,0,0,0,0,0,0,0.0,0.0,0.0,0.0
490,200089,1,Willock,200089,45,45,4,63,0,0,1,1,0,0,0,0,0,0,0,4,1.0,2.5,23.0,2.7
25,123354,2,Hause,123354,40,40,0,0,0,0,0,0,0,0,0,0,0,0,0,0,0.0,0.0,0.0,0.0
94,21205,2,Heaton,21205,50,48,58,1710,0,0,4,27,0,0,0,3,0,63,4,323,442.8,20.1,4.0,46.6
309,169359,2,Targett,169359,45,42,36,1185,1,3,0,25,0,0,0,2,0,0,3,229,314.2,366.8,181.0,86.2
445,149484,2,Mings,149484,45,42,5,141,0,0,0,4,0,0,0,0,0,0,0,41,49.0,16.3,2.0,6.8
58,56917,3,Steve Cook,56917,45,43,85,2786,1,1,9,56,1,0,0,3,0,0,6,549,731.0,143.3,292.0,116.5
59,126184,3,Aké,126184,50,51,120,3411,4,1,10,70,0,0,0,3,0,0,8,716,1002.0,125.9,440.0,156.8
60,41320,3,Daniels,41320,45,41,44,1583,1,0,4,34,0,0,0,4,0,0,1,278,289.8,215.4,156.0,66.2
61,223911,3,Mepham,223911,45,45,27,848,0,1,2,17,0,0,0,1,0,0,0,158,177.2,24.1,22.0,22.5
62,15149,3,Francis,15149,45,43,40,1227,0,2,4,24,0,0,0,1,0,0,0,244,332.4,173.3,39.0,54.4
63,54469,3,Adam Smith,54469,45,43,70,2067,1,1,8,33,0,0,0,5,1,0,1,383,374.0,199.8,110.0,68.5
65,171129,3,Rico,171129,45,41,8,606,0,0,0,19,0,0,0,1,0,0,0,89,107.4,171.6,36.0,31.4
66,222434,3,Simpson,222434,40,39,10,401,0,0,1,9,1,0,0,0,0,0,0,73,85.4,2.0,21.0,11.0
67,75115,3,Wilson,75115,60,69,168,2528,14,12,9,47,0,0,1,3,0,0,22,525,737.8,388.4,1137.0,225.0
68,78007,3,King,78007,65,64,141,2963,12,3,10,57,0,0,1,3,0,0,20,457,655.4,535.7,1058.0,223.8
69,154566,3,Solanke,154566,50,47,15,340,0,1,0,5,0,0,0,0,0,0,0,45,79.0,96.0,154.0,33.0
71,217331,3,Surridge,217331,45,45,2,11,0,0,0,0,0,0,0,0,0,0,0,3,5.0,11.8,23.0,4.0
72,40349,3,Begovic,40349,45,43,63,2160,0,0,5,47,0,0,0,0,0,59,4,363,440.6,0.0,0.0,44.2
73,18726,3,Boruc,18726,40,41,46,1080,0,0,4,18,0,0,0,2,0,39,4,218,302.0,0.0,0.0,30.3
74,229600,3,Travers,229600,40,40,9,180,0,0,1,5,0,0,0,0,0,9,1,46,68.2,0.0,0.0,6.8
75,90105,3,Fraser,90105,55,64,181,3165,7,14,9,64,0,0,0,2,0,0,23,751,930.6,1382.4,696.0,301.2
76,111317,3,Brooks,111317,50,50,123,2263,7,6,9,41,0,0,0,3,0,0,7,414,598.0,466.7,609.0,167.5
77,56872,3,Stanislas,56872,60,60,56,1021,2,3,2,24,0,0,0,1,0,0,3,205,225.2,254.5,340.0,82.0
78,103912,3,Ibe,103912,55,49,33,789,1,1,1,23,0,0,0,1,0,0,0,105,131.2,174.8,155.0,46.0
79,155408,3,Lewis Cook,155408,50,46,22,719,0,0,3,10,0,0,0,2,0,0,0,91,76.0,50.4,36.0,16.5
80,15237,3,Surman,15237,50,46,36,1438,0,0,4,37,0,0,0,2,0,0,0,206,190.8,163.0,38.0,39.2
81,40387,3,Gosling,40387,50,47,54,1734,2,2,4,33,0,0,0,8,0,0,0,237,400.6,164.7,217.0,78.1
82,152551,3,Lerma,152551,45,45,75,2505,2,2,9,49,1,0,0,12,0,0,6,410,539.6,245.8,174.0,96.2
476,168991,3,Billing,168991,45,45,63,2187,2,0,5,43,0,0,0,7,0,0,4,317,494.6,341.0,375.0,121.3
37,61933,4,Duffy,61933,45,47,115,3087,5,2,7,55,0,0,0,4,1,0,9,582,1024.4,84.1,499.0,160.9
38,86153,4,Montoya,86153,45,43,45,2166,0,1,3,41,0,0,0,4,0,0,1,351,437.6,289.2,58.0,78.6
39,209362,4,Bernardo,209362,45,42,39,1749,0,1,2,29,0,0,0,4,0,0,0,290,444.2,172.6,83.0,70.0
40,52484,4,Balogun,52484,45,42,15,591,1,0,0,10,0,0,0,2,0,0,0,86,134.0,1.1,27.0,16.2
41,42748,4,Bong,42748,45,44,48,1805,0,0,5,34,0,0,0,0,0,0,0,254,220.0,153.3,8.0,38.0
42,83299,4,Dunk,83299,45,44,91,3151,2,1,7,56,0,0,0,5,1,0,6,573,805.8,132.9,245.0,118.7
44,20529,4,Murray,20529,65,61,129,2501,13,1,4,45,0,0,0,5,0,0,16,337,478.0,190.0,835.0,148.1
45,106757,4,Locadia,106757,55,53,52,1225,2,0,3,21,0,0,0,1,0,0,6,155,154.4,190.8,356.0,69.7
46,93284,4,Andone,93284,50,50,38,866,3,0,2,14,0,0,0,5,0,0,2,74,147.2,48.6,361.0,54.9
47,131897,4,Ryan,131897,45,44,104,3060,0,0,6,55,0,0,0,2,0,97,11,547,707.0,0.0,0.0,70.9
48,50093,4,Button,50093,40,40,15,360,0,0,1,5,0,0,0,0,0,14,2,76,89.2,0.0,0.0,8.9
49,60307,4,Groß,60307,70,67,80,1864,3,3,3,31,0,0,1,1,0,0,12,347,456.0,815.3,344.0,161.7
50,165210,4,Jahanbakhsh,165210,70,67,33,1014,0,0,5,16,0,0,0,2,0,0,0,61,94.4,104.0,162.0,35.5
51,167473,4,Izquierdo,167473,60,59,31,789,0,2,3,10,0,0,0,1,0,0,0,95,75.4,77.3,147.0,30.0
52,83543,4,Knockaert,83543,55,52,74,1828,2,6,3,41,0,0,0,4,1,0,2,293,389.6,580.8,345.0,131.4
53,227127,4,Bissouma,227127,50,46,43,1764,0,0,3,32,0,0,0,5,0,0,0,170,253.4,213.0,201.0,66.8
54,66242,4,Pröpper,66242,50,48,72,2546,1,1,4,45,0,0,0,2,0,0,3,351,389.2,279.1,121.0,79.2
55,109345,4,March,109345,50,47,94,2459,1,6,6,40,0,0,0,1,0,0,5,342,474.6,684.5,405.0,156.6
56,38490,4,Kayal,38490,45,44,36,935,1,1,4,17,0,0,0,4,0,0,0,136,224.0,59.3,53.0,33.6
57,40845,4,Stephens,40845,45,43,65,2484,1,1,5,46,0,0,0,6,1,0,4,404,498.2,249.3,88.0,83.6
475,78916,4,Burn,78916,45,45,0,0,0,0,0,0,0,0,0,0,0,0,0,0,0.0,0.0,0.0,0.0
83,51927,5,Mee,51927,50,46,81,3420,0,2,8,68,2,0,0,9,0,0,5,572,885.4,113.8,238.0,123.9
84,17761,5,Tarkowski,17761,50,47,97,3086,3,2,7,63,0,0,0,8,0,0,7,524,1023.2,69.8,450.0,154.5
85,68983,5,Lowton,68983,50,46,34,1748,0,0,4,41,0,0,0,7,0,0,1,269,338.0,158.6,48.0,54.6
86,17997,5,Bardsley,17997,45,42,33,1670,0,0,4,27,1,0,0,9,0,0,0,224,267.8,139.6,66.0,47.4
87,103914,5,Taylor,103914,45,44,82,3240,0,1,7,64,0,0,0,2,0,0,2,505,649.4,268.5,30.0,94.9
88,41674,5,Long,41674,45,41,16,513,0,1,1,9,0,0,0,0,0,0,0,101,147.8,11.6,8.0,16.8
89,83312,5,Gibson,83312,50,48,6,62,1,0,0,3,0,0,0,1,0,0,0,17,42.4,0.4,33.0,7.6
90,44699,5,Barnes,44699,60,56,122,2378,12,3,7,41,1,0,0,8,0,0,13,394,581.2,309.9,1042.0,192.9
91,60689,5,Wood,60689,65,63,131,2580,10,3,7,49,0,0,0,2,0,0,17,379,475.8,310.3,911.0,167.9
92,81183,5,Vydra,81183,60,56,21,310,1,1,0,7,0,0,0,1,0,0,0,61,70.4,33.7,114.0,21.4
93,98747,5,Pope,98747,50,48,0,0,0,0,0,0,0,0,0,0,0,0,0,0,0.0,0.0,0.0,0.0
95,15749,5,Hart,15749,45,42,69,1710,0,0,4,41,0,1,0,0,0,77,7,378,594.6,10.1,0.0,60.3
96,60586,5,Gudmundsson,60586,60,55,92,1743,3,7,5,39,0,0,0,2,0,0,6,339,456.2,574.1,380.0,141.1
97,433154,5,McNeil,433154,45,44,75,1590,3,4,5,25,0,0,0,2,0,0,6,305,405.2,442.8,279.0,112.5
98,90517,5,Brady,90517,55,54,20,714,0,1,1,17,0,0,0,3,1,0,0,77,102.0,194.1,85.0,38.2
99,39847,5,Defour,39847,55,53,10,449,0,0,0,14,0,0,0,0,0,0,0,70,61.4,36.6,0.0,9.9
100,83314,5,Hendrick,83314,55,52,73,2058,2,2,4,44,0,0,0,4,0,0,3,243,233.8,205.3,269.0,70.6
101,60551,5,Westwood,60551,45,46,111,2821,2,8,7,55,0,0,0,5,0,0,10,518,623.0,643.1,253.0,152.3
102,40145,5,Cork,40145,50,46,87,3312,1,2,8,63,0,0,0,6,0,0,0,446,491.4,309.7,240.0,104.3
430,17349,5,Lennon,17349,50,49,41,1214,1,1,3,22,0,0,0,1,0,0,2,133,151.6,121.2,108.0,38.0
103,82263,6,Alonso,82263,65,62,161,2759,2,8,14,28,0,0,0,6,0,0,21,702,619.0,520.1,475.0,161.7
104,102380,6,Rüdiger,102380,60,59,116,2871,1,2,12,35,0,0,0,7,0,0,9,609,566.8,143.6,273.0,98.5
105,41328,6,Azpilicueta,41328,65,64,158,3402,1,6,16,39,0,0,0,4,0,0,11,822,815.0,525.1,286.0,163.2
106,41270,6,David Luiz,41270,55,58,164,3238,3,2,16,36,0,0,0,3,0,0,19,794,859.0,358.7,363.0,158.0
107,109533,6,Emerson,109533,55,52,22,660,0,0,2,11,0,0,0,0,0,0,1,130,104.6,113.8,81.0,30.0
108,135363,6,Christensen,135363,55,50,22,615,0,0,3,7,0,0,0,1,0,0,0,133,120.6,8.4,6.0,13.6
109,105700,6,Zappacosta,105700,55,50,9,125,0,0,1,0,0,0,0,0,0,0,0,30,17.4,14.7,29.0,6.1
110,44346,6,Giroud,44346,80,77,55,828,2,4,6,5,0,0,0,1,0,0,2,169,183.2,253.6,519.0,94.5
111,109745,6,Kepa,109745,55,54,142,3240,0,0,14,39,0,1,0,2,0,82,7,685,681.0,0.1,0.0,68.0
112,20310,6,Caballero,20310,50,47,13,180,0,0,2,0,0,0,0,0,0,3,0,45,24.6,1.0,0.0,2.6
113,47431,6,Willian,47431,75,71,108,2091,3,7,11,25,0,0,0,2,0,0,6,475,557.6,1165.5,742.0,246.7
114,49579,6,Pedro,49579,65,62,112,1768,8,2,7,19,0,0,0,2,0,0,12,440,530.2,503.5,733.0,176.5
115,126187,6,Loftus-Cheek,126187,55,52,79,980,6,2,5,9,0,0,0,0,0,0,6,292,391.6,254.9,346.0,99.4
116,209046,6,Hudson-Odoi,209046,45,42,18,388,0,1,2,5,0,0,0,0,0,0,1,83,89.2,143.2,133.0,36.2
117,88894,6,Barkley,88894,60,50,79,1231,3,5,7,13,0,0,0,1,0,0,5,300,324.0,349.0,429.0,110.0
118,85955,6,Jorginho,85955,50,46,96,3156,2,0,16,37,0,0,0,8,0,0,4,577,691.4,628.4,122.0,144.2
119,116594,6,Kanté,116594,50,49,116,3092,4,4,14,38,0,0,0,3,0,0,3,563,683.6,766.3,412.0,186.4
120,61603,6,Drinkwater,61603,50,46,0,0,0,0,0,0,0,0,0,0,0,0,0,0,0.0,0.0,0.0,0.0
121,199598,6,Ampadu,199598,45,44,0,0,0,0,0,0,0,0,0,0,0,0,0,0,0.0,0.0,0.0,0.0
432,91651,6,Kovacic,91651,60,57,64,1725,0,2,9,19,0,0,0,3,0,0,2,343,315.4,468.8,311.0,109.9
459,103192,6,Zouma,103192,50,50,112,2613,2,2,10,39,0,0,0,3,1,0,12,543,565.2,83.7,235.0,88.8
460,173879,6,Abraham,173879,55,54,0,0,0,0,0,0,0,0,0,0,0,0,0,0,0.0,0.0,0.0,0.0
461,94245,6,Batshuayi,94245,65,62,48,748,5,1,3,11,0,0,0,0,0,0,5,159,198.6,41.4,406.0,64.2
462,167767,6,Kenedy,167767,50,47,50,1337,1,1,6,18,0,0,1,1,0,0,1,161,212.8,187.9,297.0,69.8
123,74230,7,van Aanholt,74230,55,55,140,3196,3,2,12,46,0,0,0,3,0,0,17,626,616.0,520.4,448.0,158.7
124,49413,7,Tomkins,49413,45,43,86,2561,1,1,10,37,0,0,0,6,0,0,0,504,560.8,83.0,276.0,92.3
125,40784,7,Sakho,40784,50,49,88,2416,0,0,9,35,0,0,0,2,0,0,13,533,540.6,78.2,47.0,66.6
126,55494,7,Ward,55494,45,43,13,551,1,0,0,14,0,0,0,1,0,0,0,68,131.8,28.9,43.0,20.5
127,19188,7,Dann,19188,45,44,23,661,0,1,2,10,0,0,0,1,0,0,0,129,186.2,22.5,71.0,28.1
128,58786,7,Kelly,58786,40,39,26,1110,0,0,3,21,1,0,0,2,0,0,1,166,269.8,17.1,34.0,32.2
129,54861,7,Benteke,54861,65,63,33,807,1,1,3,13,0,0,0,1,0,0,3,65,106.0,118.4,348.0,56.1
130,59125,7,Wickham,59125,50,49,9,61,0,1,0,1,0,0,0,0,0,0,0,23,23.2,41.9,55.0,12.0
131,40836,7,Guaita,40836,45,43,81,1754,0,0,7,23,0,0,0,2,0,64,8,378,448.0,0.0,0.0,44.8
132,20066,7,Hennessey,20066,45,44,67,1575,0,0,5,26,0,1,0,0,0,44,6,311,358.8,0.0,0.0,35.9
133,82403,7,Zaha,82403,70,70,143,3037,10,11,11,49,0,0,0,8,1,0,13,459,752.8,753.3,1200.0,270.6
134,66975,7,Milivojevic,66975,65,65,166,3420,12,2,12,53,0,0,1,10,0,0,24,741,1078.2,910.1,473.0,246.3
135,60252,7,Townsend,60252,60,56,135,3007,6,5,11,46,0,0,0,1,0,0,8,520,743.0,928.5,622.0,229.6
136,141020,7,Meyer,141020,60,55,60,1405,1,3,6,24,0,0,0,3,0,0,0,223,236.0,309.9,433.0,98.0
137,86417,7,Schlupp,86417,45,43,91,1660,4,3,4,26,0,0,0,1,0,0,3,301,385.2,240.5,430.0,105.7
138,50471,7,McArthur,50471,50,49,121,3057,3,7,11,49,0,0,0,7,0,0,7,500,666.8,457.2,487.0,161.3
139,55037,7,Kouyaté,55037,50,47,67,1889,0,3,9,30,0,0,0,3,0,0,0,251,337.4,198.5,222.0,75.6
140,221275,7,Dreher,221275,45,45,1,1,0,0,0,0,0,0,0,0,0,0,0,3,0.2,0.6,0.0,0.1
468,80146,7,Ayew,80146,60,57,46,1176,1,3,5,13,0,0,0,3,0,0,2,114,140.2,207.3,421.0,76.7
141,101188,8,Digne,101188,50,54,158,2964,4,5,13,38,1,0,0,5,1,0,22,736,883.0,1142.0,300.0,232.7
142,164511,8,Mina,164511,55,54,36,891,1,0,3,13,0,0,0,3,0,0,2,176,198.2,37.5,61.0,29.6
143,106611,8,Keane,106611,50,48,129,2970,1,2,13,39,0,0,0,2,0,0,15,642,740.2,101.2,326.0,117.2
144,59949,8,Coleman,59949,55,52,125,2558,2,2,13,30,1,0,0,1,0,0,12,548,515.2,387.3,274.0,117.6
145,12745,8,Baines,12745,55,50,7,374,0,0,0,6,0,0,0,0,0,0,0,48,48.4,91.4,15.0,15.4
146,66838,8,Tosun,66838,70,64,56,1044,3,3,1,17,0,0,0,3,0,0,3,166,212.6,172.2,546.0,92.8
147,177815,8,Calvert-Lewin,177815,55,54,92,1769,6,5,8,26,0,0,0,3,0,0,3,267,321.8,185.7,618.0,111.5
148,111234,8,Pickford,111234,50,49,161,3420,0,0,14,46,0,3,0,1,0,94,13,706,776.4,10.0,0.0,78.5
149,10318,8,Stekelenburg,10318,40,39,0,0,0,0,0,0,0,0,0,0,0,0,0,0,0.0,0.0,0.0,0.0
150,212319,8,Richarlison,212319,65,64,153,2662,13,3,11,36,0,0,0,5,1,0,12,400,698.4,350.7,1209.0,224.5
151,55422,8,Sigurdsson,55422,75,74,182,3122,13,6,15,41,0,0,3,3,0,0,20,662,959.8,1098.5,1084.0,314.2
152,100649,8,Bernard,100649,60,59,88,2108,1,4,13,19,0,0,0,5,0,0,5,319,366.0,589.6,377.0,133.3
153,20467,8,Walcott,20467,65,59,101,2108,5,3,6,33,0,0,0,1,0,0,4,292,420.0,342.9,699.0,145.7
154,173807,8,Davies,173807,55,50,26,975,0,0,2,19,0,0,0,3,0,0,0,127,122.6,96.2,103.0,32.1
155,219352,8,Lookman,219352,55,49,34,600,0,3,1,8,0,0,0,0,0,0,0,110,131.4,172.1,211.0,51.6
156,80801,8,Gueye,80801,50,47,78,2821,0,2,13,31,0,0,0,6,0,0,0,472,629.2,311.3,168.0,111.1
157,50472,8,McCarthy,50472,45,44,1,14,0,0,0,0,0,0,0,0,0,0,0,3,5.2,0.1,0.0,0.5
158,42774,8,Schneiderlin,42774,45,42,28,832,0,1,5,9,0,0,0,2,0,0,0,152,151.6,124.7,17.0,29.4
205,41823,8,Delph,41823,55,53,29,722,0,1,3,9,0,0,0,1,1,0,2,186,153.8,97.8,24.0,27.5
422,120250,8,André Gomes,120250,55,54,64,1977,1,2,9,28,0,0,0,7,0,0,2,268,268.4,154.6,207.0,63.1
478,194164,8,Holgate,194164,45,43,5,407,0,0,0,9,0,0,0,1,0,0,0,61,92.2,5.0,2.0,9.9
479,57513,8,Lössl,57513,45,44,99,2777,0,1,5,54,0,1,0,1,0,88,9,541,764.2,40.3,4.0,80.7
159,111931,9,Pereira,111931,50,53,146,3123,2,8,10,45,0,0,0,7,0,0,22,693,889.0,517.6,430.0,183.7
160,95658,9,Maguire,95658,55,54,92,2596,3,1,6,41,0,0,0,6,1,0,10,533,715.8,165.3,462.0,134.3
161,172850,9,Chilwell,172850,50,50,118,3240,0,5,10,43,0,0,0,4,0,0,8,578,721.0,674.6,298.0,170.0
162,37642,9,Evans,37642,50,48,77,1993,1,0,8,26,0,0,0,2,0,0,3,418,460.0,66.1,158.0,68.5
163,37402,9,Fuchs,37402,45,41,3,206,0,0,0,5,0,0,0,0,0,0,0,38,50.4,85.6,14.0,14.9
164,218031,9,Söyüncü,218031,50,48,9,371,0,0,0,4,0,0,0,1,0,0,0,48,76.6,6.8,22.0,10.6
165,15033,9,Morgan,15033,45,45,76,1924,3,0,6,28,0,0,0,1,2,0,7,365,471.0,40.1,293.0,80.5
166,101668,9,Vardy,101668,90,90,174,2726,18,5,11,36,0,0,1,3,1,0,31,598,822.0,419.9,1206.0,244.6
167,173515,9,Iheanacho,173515,60,57,58,924,1,5,1,16,0,0,0,2,0,0,3,160,135.8,209.4,230.0,56.9
168,17745,9,Schmeichel,17745,50,50,120,3420,0,0,10,48,0,0,0,3,0,90,6,618,756.8,10.0,4.0,76.9
169,11974,9,Jakupovic,11974,45,43,0,0,0,0,0,0,0,0,0,0,0,0,0,0,0.0,0.0,0.0,0.0
170,95463,9,Ward,95463,45,43,0,0,0,0,0,0,0,0,0,0,0,0,0,0,0.0,0.0,0.0,0.0
171,172780,9,Maddison,172780,65,66,137,2831,7,7,8,44,0,0,1,3,1,0,12,619,801.4,1515.0,769.0,308.4
172,201666,9,Barnes,201666,55,55,43,1001,1,3,1,16,0,0,0,0,0,0,1,139,172.8,242.0,534.0,94.8
173,115858,9,Ghezzal,115858,55,50,28,733,1,0,1,13,0,0,0,3,0,0,2,112,147.8,307.0,228.0,68.3
174,51938,9,Albrighton,51938,55,51,63,1617,2,2,5,17,0,0,0,3,0,0,4,279,371.2,446.8,242.0,106.1
175,172632,9,Gray,172632,55,54,84,1978,4,1,6,29,0,0,0,2,0,0,3,244,320.2,310.2,599.0,122.5
176,203341,9,Ndidi,203341,50,49,89,3295,2,0,9,47,0,0,0,8,0,0,4,571,726.0,342.4,346.0,141.6
177,61604,9,James,61604,45,44,0,0,0,0,0,0,0,0,0,0,0,0,0,0,0.0,0.0,0.0,0.0
178,155569,9,Amartey,155569,45,43,15,639,0,0,1,9,0,0,0,2,0,0,0,103,139.0,46.7,21.0,20.8
179,86881,9,Mendy,86881,45,43,58,2085,0,1,7,29,0,0,0,5,0,0,0,291,235.8,135.5,23.0,39.5
180,197469,9,Choudhury,197469,45,43,20,593,0,0,4,4,0,0,0,0,0,0,0,80,119.6,73.7,51.0,24.6
265,168580,9,Pérez,168580,65,61,141,2916,12,2,11,35,0,0,0,2,0,0,19,541,783.6,585.6,954.0,232.1
448,166989,9,Tielemans,166989,60,60,63,1087,3,5,3,14,0,0,0,2,0,0,6,267,299.0,269.7,249.0,81.8
181,122798,10,Robertson,122798,60,67,213,3216,0,12,21,20,0,0,0,4,0,0,29,906,748.8,767.2,318.0,183.6
182,169187,10,Alexander-Arnold,169187,50,58,185,2460,1,13,16,14,0,0,0,3,0,0,25,753,734.4,837.4,276.0,184.7
183,97032,10,van Dijk,97032,60,67,208,3384,4,4,20,22,0,0,0,1,0,0,22,932,993.6,111.1,455.0,156.1
184,171287,10,Gomez,171287,50,48,55,1059,0,0,7,4,0,0,0,2,0,0,2,268,209.8,92.1,44.0,34.7
185,60914,10,Matip,60914,50,49,83,1535,1,0,9,12,0,0,0,3,0,0,7,402,414.6,57.9,85.0,55.9
186,38454,10,Lovren,38454,50,49,63,986,1,1,6,7,0,0,0,1,0,0,9,258,255.8,29.1,72.0,35.7
187,92217,10,Firmino,92217,95,93,160,2606,12,8,19,15,0,0,0,0,0,0,24,647,774.8,670.1,1240.0,267.8
188,152760,10,Origi,152760,50,50,32,364,3,1,3,2,0,0,0,0,0,0,1,122,143.4,45.0,195.0,38.2
189,116535,10,Alisson,116535,55,59,176,3420,0,0,21,22,0,0,0,1,0,76,9,771,677.0,0.1,0.0,67.6
190,66797,10,Mignolet,66797,50,47,0,0,0,0,0,0,0,0,0,0,0,0,0,0,0.0,0.0,0.0,0.0
191,118748,10,Salah,118748,130,132,259,3254,22,12,21,20,0,0,0,1,0,0,18,687,1186.8,973.9,2168.0,432.7
192,110979,10,Mané,110979,95,103,231,3076,22,3,19,21,0,0,0,2,0,0,24,703,1015.8,692.8,1332.0,304.0
193,81880,10,Chamberlain,81880,65,64,2,19,0,0,0,0,0,0,0,0,0,0,0,7,10.2,10.8,19.0,4.0
194,68312,10,Shaqiri,68312,75,68,88,1052,6,5,7,6,0,0,0,2,0,0,4,302,363.6,344.7,282.0,99.1
195,39155,10,Lallana,39155,70,69,23,460,0,1,3,3,0,0,0,1,0,0,0,96,85.4,139.0,113.0,33.8
196,175592,10,Keita,175592,75,71,67,1385,2,1,10,8,0,0,0,0,0,0,3,246,293.6,213.1,356.0,86.3
197,116643,10,Fabinho,116643,60,55,65,2011,1,2,11,14,0,0,0,6,0,0,0,305,406.2,283.4,173.0,86.4
198,56979,10,Henderson,56979,55,53,76,1976,1,3,12,14,0,0,0,1,1,0,2,397,358.8,311.7,182.0,85.4
199,41733,10,Wijnaldum,41733,55,55,108,2723,3,1,18,16,0,0,0,3,0,0,9,470,437.6,405.2,338.0,118.4
200,15157,10,Milner,15157,55,56,101,1778,5,5,9,13,0,0,0,5,1,0,12,448,587.2,725.2,374.0,169.2
201,217989,10,Camacho,217989,50,50,1,1,0,0,0,1,0,0,0,0,0,0,0,3,2.0,0.0,0.0,0.2
202,146941,11,Laporte,146941,55,63,177,3056,3,3,18,21,0,0,0,3,0,0,16,768,790.0,239.3,278.0,131.2
203,58621,11,Walker,58621,65,64,150,2776,1,1,18,17,0,0,0,3,0,0,11,684,498.8,448.4,183.0,113.1
204,102826,11,Mendy,102826,60,61,59,900,0,6,4,6,0,0,0,1,0,0,6,262,250.8,222.7,70.0,54.2
206,206325,11,Zinchenko,206325,50,47,44,1151,0,3,9,4,0,0,0,1,0,0,1,230,279.2,278.6,77.0,63.5
207,97299,11,Stones,97299,55,52,83,1761,0,0,9,15,0,0,0,1,0,0,9,431,376.6,115.5,49.0,54.1
208,57410,11,Otamendi,57410,65,60,70,1233,0,0,9,7,0,0,0,1,0,0,5,335,281.2,53.7,143.0,47.8
209,100180,11,Danilo,100180,55,48,46,805,1,0,4,7,0,0,0,1,0,0,7,202,165.2,118.0,99.0,38.2
210,37572,11,Agüero,37572,110,120,201,2457,21,11,17,15,0,0,0,4,0,0,26,740,946.6,523.7,1685.0,315.4
211,205651,11,Jesus,205651,105,99,79,1017,7,3,2,11,0,0,0,1,0,0,7,259,395.2,300.5,864.0,156.3
212,121160,11,Ederson,121160,55,57,169,3420,0,1,20,23,0,0,0,2,0,58,6,700,535.2,33.0,0.0,56.8
213,33148,11,Bravo,33148,50,48,0,0,0,0,0,0,0,0,0,0,0,0,0,0,0.0,0.0,0.0,0.0
214,103955,11,Sterling,103955,110,117,234,2770,17,15,17,19,0,0,0,3,0,0,25,743,1060.0,937.4,1572.0,357.1
215,61366,11,De Bruyne,61366,100,96,59,968,2,3,6,3,0,0,0,2,0,0,8,268,301.4,562.3,317.0,117.9
216,182156,11,Sané,182156,95,93,156,1857,10,12,9,14,0,0,0,1,0,0,13,520,716.8,645.0,1039.0,240.3
217,103025,11,Mahrez,103025,90,82,102,1331,7,4,4,9,0,0,1,0,0,0,14,349,459.4,450.8,731.0,164.1
218,165809,11,Bernardo Silva,165809,75,78,154,2849,7,8,15,22,0,0,0,3,0,0,17,649,796.4,1026.3,1069.0,289.6
219,20664,11,David Silva,20664,85,85,143,2399,6,8,16,14,0,0,0,2,0,0,14,614,715.2,1150.3,1092.0,295.8
220,209244,11,Foden,209244,50,45,25,328,1,0,2,0,0,0,0,0,0,0,3,93,85.0,133.8,208.0,42.6
221,27789,11,Fernandinho,27789,55,53,79,2375,1,3,12,15,0,0,0,5,0,0,4,444,534.6,396.8,208.0,114.2
222,59859,11,Gündogan,59859,55,54,113,2129,6,3,13,15,0,0,0,3,0,0,10,528,548.8,819.7,447.0,181.6
122,214590,12,Wan-Bissaka,214590,40,46,120,3134,0,3,12,47,0,0,0,4,1,0,18,672,863.4,266.8,139.0,127.1
223,55909,12,Smalling,55909,60,56,56,2127,1,0,4,36,1,0,0,1,0,0,3,335,453.4,31.0,176.0,66.0
224,18892,12,Young,18892,60,57,73,2568,2,3,4,44,0,0,0,8,1,0,4,450,554.4,650.5,124.0,133.0
225,184667,12,Lindelöf,184667,50,49,85,2600,1,1,6,40,1,0,0,1,0,0,9,527,533.0,75.3,118.0,72.8
226,106760,12,Shaw,106760,50,51,91,2591,1,5,6,39,0,0,0,11,0,0,11,489,586.2,505.6,287.0,138.1
227,58893,12,Rojo,58893,50,49,2,209,0,0,0,5,1,0,0,2,0,0,0,15,42.2,3.1,63.0,10.9
228,197365,12,Bailly,197365,55,50,16,636,0,0,1,13,0,0,0,0,1,0,0,109,125.0,3.4,35.0,16.5
229,216051,12,Dalot,216051,55,53,27,1009,0,2,1,18,0,0,0,3,0,0,0,171,184.4,259.0,94.0,53.7
230,40002,12,Darmian,40002,50,46,14,443,0,0,1,8,0,0,0,0,0,0,2,83,84.2,34.9,7.0,12.6
231,76359,12,Jones,76359,55,51,43,1261,0,1,3,17,0,0,0,1,0,0,3,273,300.8,44.8,42.0,39.0
232,66749,12,Lukaku,66749,110,107,115,2126,12,1,4,38,0,0,0,4,0,0,14,361,550.6,330.2,1052.0,193.5
233,176297,12,Rashford,176297,70,73,128,2331,10,7,6,35,0,0,0,3,1,0,14,425,650.0,542.3,1064.0,224.6
234,220688,12,Greenwood,220688,45,45,4,115,0,0,0,2,0,0,0,0,0,0,0,12,24.0,43.3,90.0,15.7
235,51940,12,de Gea,51940,60,57,120,3420,0,0,7,54,0,0,0,1,0,123,7,636,846.0,0.0,0.0,84.5
236,42899,12,Romero,42899,50,49,0,0,0,0,0,0,0,0,0,0,0,0,0,0,0.0,0.0,0.0,0.0
237,6744,12,Grant,6744,50,48,0,0,0,0,0,0,0,0,0,0,0,0,0,0,0.0,0.0,0.0,0.0
238,74208,12,Pogba,74208,80,86,179,3007,13,10,8,43,0,0,3,6,0,0,19,648,1096.8,822.3,1246.0,316.9
239,148225,12,Martial,148225,75,72,122,1613,10,4,5,25,0,0,0,2,0,0,13,389,532.8,503.3,755.0,178.9
240,37265,12,Sánchez,37265,105,100,47,869,1,5,2,10,0,0,0,3,0,0,1,168,207.6,297.2,307.0,81.1
241,109322,12,Lingard,109322,70,67,78,1657,4,3,3,26,0,0,0,3,0,0,5,270,310.0,306.1,395.0,101.1
242,43670,12,Mata,43670,65,61,70,1284,3,4,5,15,0,0,0,3,0,0,7,274,258.4,464.0,262.0,98.6
244,101582,12,Fred,101582,60,53,40,1039,1,2,1,19,0,0,0,2,0,0,3,180,177.6,203.2,87.0,46.9
245,209041,12,Gomes,209041,50,50,2,25,0,0,0,1,0,0,0,0,0,0,0,4,5.2,2.3,18.0,2.6
246,156689,12,Pereira,156689,50,45,27,590,1,1,1,13,0,0,0,5,0,0,2,115,132.8,139.5,67.0,33.8
247,62398,12,Matic,62398,50,50,59,2437,1,0,6,37,0,0,0,6,1,0,2,371,477.6,247.9,183.0,90.9
248,195851,12,McTominay,195851,45,42,38,862,2,0,1,18,0,0,0,1,0,0,4,152,175.4,33.1,180.0,38.8
249,222677,12,Chong,222677,45,45,2,37,0,0,0,1,0,0,0,0,0,0,0,3,6.2,2.1,39.0,4.7
250,232928,12,Garner,232928,45,45,1,1,0,0,0,0,0,0,0,0,0,0,0,3,0.0,0.0,0.0,0.0
251,56983,13,Ritchie,56983,60,58,110,2927,2,8,10,40,0,0,1,9,0,0,7,504,712.4,973.8,448.0,213.6
252,119471,13,Schär,119471,50,45,93,2000,4,1,7,23,0,0,0,12,0,0,9,403,669.4,148.6,220.0,103.8
253,151119,13,Yedlin,151119,45,45,63,2472,1,2,5,41,1,0,0,6,1,0,1,325,436.4,406.3,113.0,95.8
254,57145,13,Fernández,57145,45,44,47,1482,0,2,3,24,0,0,0,2,0,0,5,277,350.0,63.7,70.0,48.5
255,106618,13,Dummett,106618,45,44,67,1986,0,0,7,27,0,0,0,1,0,0,3,365,424.2,94.0,58.0,57.6
256,109528,13,Manquillo,109528,45,43,53,1098,0,3,4,16,0,0,0,2,0,0,5,231,231.0,127.3,28.0,38.8
257,77359,13,Lejeune,77359,45,44,35,1054,0,0,4,13,0,0,0,0,0,0,0,209,211.6,82.5,59.0,35.3
258,101148,13,Lascelles,101148,50,47,95,2745,0,1,10,36,0,0,0,4,0,0,8,539,632.4,46.8,113.0,79.6
259,58845,13,Clark,58845,45,45,42,857,3,0,2,15,0,0,0,1,0,0,4,194,293.2,25.0,105.0,42.6
260,196118,13,Muto,196118,60,56,24,514,1,0,1,10,0,0,0,1,0,0,0,65,71.8,66.8,140.0,27.4
261,61316,13,Joselu,61316,50,47,30,586,2,0,1,15,0,0,0,1,0,0,3,89,121.4,35.9,290.0,44.6
262,67089,13,Dubravka,67089,50,50,131,3420,0,0,11,48,0,0,0,1,0,96,10,647,783.6,0.0,0.0,78.4
263,59735,13,Darlow,59735,45,44,0,0,0,0,0,0,0,0,0,0,0,0,0,0,0.0,0.0,0.0,0.0
264,155503,13,Woodman,155503,40,40,0,0,0,0,0,0,0,0,0,0,0,0,0,0,0.0,0.0,0.0,0.0
266,179018,13,Almirón,179018,60,60,28,758,0,2,3,11,0,0,0,0,0,0,0,107,121.4,189.8,235.0,54.6
267,104953,13,Atsu,104953,55,51,55,1481,1,1,6,18,0,0,0,2,0,0,0,175,218.8,273.0,331.0,82.3
268,76542,13,Ki Sung-yueng,76542,50,47,38,1298,0,1,4,20,0,0,0,2,0,0,1,197,163.2,258.4,45.0,46.7
269,50232,13,Shelvey,50232,55,53,39,943,1,1,5,13,0,0,0,1,0,0,2,170,226.2,351.7,154.0,73.2
270,180135,13,Longstaff,180135,45,45,26,686,1,1,3,9,0,0,0,2,0,0,1,117,130.4,71.8,106.0,30.9
271,153127,13,Hayden,153127,45,43,69,1857,1,4,7,25,0,0,0,3,1,0,5,306,412.0,298.8,232.0,94.4
483,114243,13,Murphy,114243,50,47,16,296,0,1,1,8,0,0,0,0,0,0,0,50,53.6,31.1,22.0,10.7
454,113564,14,Byram,113564,45,45,0,0,0,0,0,0,0,0,0,0,0,0,0,0,0.0,0.0,0.0,0.0
70,178304,15,Mousset,178304,50,49,28,350,1,0,0,15,0,0,0,1,0,0,0,74,74.6,65.1,201.0,33.8
444,7645,15,Jagielka,7645,45,43,22,329,1,0,2,4,0,0,0,0,1,0,3,80,82.2,21.4,43.0,14.6
304,93100,16,Vestergaard,93100,50,46,50,2027,0,0,4,31,0,0,0,2,0,0,0,396,576.6,76.6,104.0,75.9
305,40146,16,Bertrand,40146,50,48,56,2160,1,0,6,42,0,0,0,8,0,0,1,291,326.8,379.4,123.0,82.6
306,213482,16,Valery,213482,40,41,54,1709,2,1,3,30,0,0,0,3,1,0,0,251,329.4,124.7,157.0,60.7
307,171771,16,Bednarek,171771,40,40,49,2150,0,1,3,37,0,0,0,7,0,0,3,365,616.0,108.8,91.0,81.9
308,88900,16,Stephens,88900,45,42,47,1697,1,0,3,35,0,0,0,4,0,0,4,282,394.4,65.5,143.0,60.4
310,80447,16,Yoshida,80447,45,41,44,1518,0,1,3,29,0,0,0,0,0,0,4,278,387.0,57.4,189.0,63.4
311,232797,16,Ramsay,232797,40,40,1,90,0,0,0,3,0,0,0,0,0,0,0,9,11.2,0.0,0.0,1.1
312,78356,16,Austin,78356,60,55,46,970,2,2,5,17,0,0,1,1,0,0,1,117,158.4,115.3,405.0,67.4
313,84939,16,Ings,84939,55,54,90,1650,7,3,5,27,0,0,0,1,0,0,11,310,433.8,346.9,808.0,158.4
314,220598,16,Obafemi,220598,50,50,13,134,1,1,0,3,0,0,0,1,0,0,0,46,62.6,27.4,127.0,21.6
315,20452,16,Long,20452,50,47,66,1260,5,2,2,24,0,0,0,3,0,0,5,191,248.6,179.2,417.0,84.2
316,153371,16,Gallagher,153371,45,45,4,32,0,0,0,1,0,0,0,0,0,0,0,6,0.0,0.3,0.0,0.0
317,40383,16,Forster,40383,45,42,2,90,0,0,0,3,0,0,0,0,0,3,0,13,22.2,0.0,0.0,2.2
318,58376,16,McCarthy,58376,45,43,73,2250,0,0,4,44,0,0,0,1,0,78,6,414,585.2,0.0,0.0,58.6
319,107265,16,Gunn,107265,45,43,47,1080,0,0,3,18,0,1,0,0,0,33,4,206,239.2,0.0,0.0,23.8
320,83283,16,Redmond,83283,55,55,137,3272,6,5,9,58,0,0,0,3,0,0,12,433,665.4,802.3,950.0,241.4
321,101178,16,Ward-Prowse,101178,55,51,94,1940,7,0,3,41,1,0,0,4,0,0,15,390,592.0,695.8,387.0,167.4
322,96787,16,Elyounoussi,96787,65,60,28,785,0,0,4,10,0,0,0,0,0,0,0,91,94.2,228.3,220.0,54.2
323,91047,16,Armstrong,91047,55,51,75,1421,3,4,5,26,0,0,0,2,0,0,3,269,305.6,392.4,379.0,107.5
324,151086,16,Lemina,151086,50,47,50,1612,1,2,4,37,0,0,0,5,0,0,2,270,313.0,214.7,188.0,71.6
325,132015,16,Højbjerg,132015,45,44,90,2760,4,3,4,59,0,0,0,7,2,0,8,477,616.0,445.6,421.0,148.8
326,204481,16,Johnson,204481,45,45,1,1,0,0,0,0,0,0,0,0,0,0,0,3,0.0,0.0,0.0,0.0
327,193109,16,Slattery,193109,45,45,4,110,0,0,0,1,0,0,0,0,0,0,0,12,15.8,2.6,24.0,4.2
328,78056,16,Oriol Romeu,78056,45,42,55,2131,1,0,6,37,0,0,0,11,0,0,3,282,455.2,158.4,124.0,74.0
485,167075,16,Hoedt,167075,45,42,29,1170,0,0,4,24,2,0,0,2,0,0,3,206,283.6,20.0,41.0,34.7
486,58822,16,Cédric,58822,45,42,52,1493,1,2,4,31,0,0,0,4,0,0,7,273,309.0,226.5,103.0,63.9
329,115556,17,Davies,115556,60,56,66,1837,0,0,6,26,0,0,0,2,0,0,5,361,388.2,256.6,176.0,82.3
330,39194,17,Vertonghen,39194,60,59,67,1911,1,0,6,23,0,0,0,3,1,0,7,390,445.4,116.7,165.0,72.7
331,55605,17,Alderweireld,55605,60,60,107,2921,0,0,12,31,1,0,0,3,0,0,7,651,690.2,139.1,229.0,105.7
332,38290,17,Rose,38290,60,58,86,1792,0,4,8,16,0,0,0,5,0,0,5,352,343.6,416.6,216.0,97.6
333,173904,17,Sánchez,173904,60,58,78,1941,1,2,6,22,0,0,0,2,0,0,4,412,454.2,60.3,183.0,70.0
334,77794,17,Trippier,77794,60,60,118,2275,1,5,10,23,1,0,0,2,0,0,16,573,601.6,827.0,121.0,155.0
335,234908,17,Foyth,234908,50,50,35,888,1,0,3,12,0,0,0,3,1,0,4,172,248.6,59.8,53.0,36.3
336,80226,17,Aurier,80226,60,57,24,562,0,2,2,9,0,0,0,1,0,0,0,116,151.6,108.4,45.0,30.5
337,158534,17,Walker-Peters,158534,45,42,28,374,0,3,2,4,0,0,0,1,0,0,4,112,107.4,104.9,20.0,23.1
338,78830,17,Kane,78830,125,126,160,2423,17,6,9,31,0,0,0,5,0,0,24,561,824.6,430.0,1359.0,261.3
339,165990,17,Janssen,165990,45,45,3,36,0,0,0,0,0,0,0,0,0,0,0,4,6.2,1.6,57.0,6.5
340,37915,17,Lloris,37915,55,54,145,2970,0,0,12,33,0,2,0,0,0,100,10,691,858.2,0.0,0.0,86.0
341,102884,17,Gazzaniga,102884,45,45,13,270,0,0,1,2,0,0,0,0,0,11,0,64,82.8,0.0,0.0,8.2
342,85971,17,Son,85971,85,86,159,2033,12,8,10,23,0,0,0,2,1,0,17,489,690.6,508.0,1002.0,219.9
343,80607,17,Eriksen,80607,95,92,161,2770,8,12,8,37,0,0,0,3,0,0,15,675,876.0,1148.7,801.0,283.0
344,108823,17,Alli,108823,90,88,94,1822,5,4,8,21,0,0,0,4,0,0,8,356,467.2,436.6,681.0,158.5
345,95715,17,Lucas Moura,95715,70,69,131,2115,10,2,14,18,0,0,0,3,0,0,8,340,556.4,415.6,650.0,161.9
346,62974,17,Lamela,62974,65,59,67,965,4,4,4,12,0,0,0,2,0,0,5,231,263.8,339.9,441.0,104.1
347,157668,17,Winks,157668,55,55,53,1589,1,0,6,17,0,0,0,4,0,0,3,275,268.2,168.6,71.0,50.7
348,54756,17,Wanyama,54756,50,49,24,511,1,0,3,4,0,0,0,2,0,0,2,105,113.2,45.0,80.0,23.9
349,45268,17,Sissoko,45268,50,49,76,2329,0,3,11,28,0,0,0,2,0,0,3,395,329.0,380.7,193.0,90.2
350,93264,17,Dier,93264,50,47,56,1504,3,0,5,18,0,0,0,4,0,0,3,269,363.4,150.1,121.0,63.6
351,168764,17,Amos,168764,45,43,1,2,0,0,0,0,0,0,0,0,0,0,0,3,2.2,0.1,0.0,0.2
352,209042,17,Skipp,209042,45,45,12,214,0,0,2,1,0,0,0,0,0,0,0,40,35.2,20.5,12.0,7.0
353,40868,18,Holebas,40868,45,48,93,2392,3,7,5,41,0,0,0,12,1,0,10,437,642.4,598.2,164.0,140.6
354,85624,18,Kabasele,85624,45,44,36,1584,0,0,3,29,0,0,0,2,1,0,1,212,355.2,24.0,189.0,56.7
355,155651,18,Masina,155651,45,43,26,1002,0,1,2,20,0,0,0,5,0,0,1,165,201.0,70.8,27.0,30.1
356,20145,18,Mariappa,20145,45,42,57,1924,0,0,5,32,0,0,0,3,0,0,2,334,404.6,61.9,79.0,54.5
357,54484,18,Kiko Femenía,54484,45,42,66,2043,1,1,4,40,0,0,0,1,0,0,6,412,420.2,252.9,87.0,76.0
358,41338,18,Cathcart,41338,45,45,93,3095,3,0,6,54,2,0,0,2,0,0,5,552,719.6,25.5,262.0,100.8
359,52940,18,Janmaat,52940,50,49,50,1520,0,2,3,22,0,0,0,3,0,0,6,274,346.2,212.2,118.0,67.8
360,220166,18,Navarro,220166,45,42,2,84,0,0,0,3,0,0,0,0,0,0,0,12,16.0,5.3,2.0,2.3
361,41945,18,Prödl,41945,45,42,1,13,0,0,0,0,0,0,0,0,0,0,0,2,0.0,0.0,0.0,0.0
362,41725,18,Deeney,41725,60,58,116,2542,9,5,5,44,0,0,0,4,1,0,13,411,607.4,549.5,1019.0,216.9
363,94924,18,Deulofeu,94924,55,57,133,2064,10,5,9,29,0,0,0,3,0,0,10,344,549.2,455.6,856.0,185.6
364,73426,18,Gray,73426,60,59,83,1352,7,2,4,23,0,0,0,2,0,0,10,254,331.8,183.9,620.0,112.8
365,173514,18,Success,173514,45,45,42,1033,1,1,2,21,0,0,0,4,0,0,0,125,148.6,274.5,394.0,81.4
366,9089,18,Foster,9089,45,46,129,3420,0,0,7,59,0,1,0,1,0,128,11,703,988.0,50.0,1.0,104.1
367,206882,18,Dahlberg,206882,45,43,0,0,0,0,0,0,0,0,0,0,0,0,0,0,0.0,0.0,0.0,0.0
368,121599,18,Doucouré,121599,60,58,124,3061,5,7,5,56,1,0,0,7,0,0,14,550,735.6,544.1,709.0,198.9
369,61566,18,Pereyra,61566,60,59,122,2817,6,4,6,53,0,0,0,3,0,0,13,432,458.4,512.7,744.0,171.8
370,108413,18,Hughes,108413,50,49,87,2419,2,4,7,39,0,0,0,5,0,0,5,320,429.2,416.0,451.0,129.6
371,43250,18,Cleverley,43250,50,50,25,470,1,0,3,7,0,0,0,2,0,0,2,87,97.4,33.4,40.0,17.2
372,157775,18,Sema,157775,50,46,37,747,1,2,3,9,0,0,0,1,0,0,1,91,128.6,112.7,169.0,40.8
373,38439,18,Capoue,38439,50,48,79,2944,1,3,8,48,0,0,0,14,1,0,8,496,656.6,219.2,152.0,102.8
374,89085,18,Chalobah,89085,45,44,10,265,0,0,0,7,0,0,0,2,0,0,0,42,35.6,20.2,31.0,8.8
375,216058,18,Quina,216058,45,44,17,334,1,0,0,5,0,0,0,0,0,0,2,68,69.0,40.2,22.0,13.1
376,55459,19,Cresswell,55459,55,50,34,1588,0,1,1,26,0,0,0,1,0,0,0,257,318.2,290.9,113.0,72.3
377,40669,19,Ogbonna,40669,45,42,48,1871,1,1,2,36,0,0,0,2,0,0,2,314,462.4,54.2,168.0,68.5
378,105717,19,Masuaku,105717,45,42,49,1757,0,2,4,29,0,0,0,2,0,0,0,311,434.4,212.0,55.0,70.3
379,20658,19,Zabaleta,20658,45,43,56,2089,0,1,4,35,0,0,0,4,0,0,4,350,447.4,163.2,106.0,71.8
380,81012,19,Fredericks,81012,50,45,38,1084,1,0,3,16,0,0,0,5,0,0,4,169,254.8,77.2,85.0,42.0
381,219924,19,Diop,219924,45,42,87,2970,1,0,7,43,1,0,0,4,0,0,6,561,733.0,52.3,162.0,94.8
382,166640,19,Balbuena,166640,45,42,61,2013,1,0,5,32,0,0,0,2,0,0,3,375,534.6,40.9,201.0,77.8
383,48717,19,Reid,48717,45,44,0,0,0,0,0,0,0,0,0,0,0,0,0,0,0.0,0.0,0.0,0.0
384,222018,19,Johnson,222018,40,40,2,62,0,0,0,1,0,0,0,0,0,0,0,6,7.8,0.4,0.0,0.8
385,41464,19,Arnautovic,41464,70,67,117,1988,10,5,4,34,0,0,0,3,0,0,15,405,551.6,500.6,946.0,199.2
386,43020,19,Chicharito,43020,65,61,86,1326,7,4,6,20,0,0,0,2,0,0,10,276,301.0,112.0,528.0,93.4
387,209925,19,Xande Silva,209925,45,45,1,17,0,0,0,0,0,0,0,0,0,0,0,3,2.0,10.3,36.0,4.8
388,37096,19,Fabianski,37096,45,47,143,3420,0,0,7,55,0,1,0,0,0,148,15,742,1136.0,20.0,0.0,115.5
389,57531,19,Antonio,57531,70,68,118,2093,6,8,7,30,0,0,0,3,0,0,6,305,482.0,346.2,852.0,167.0
390,101537,19,Felipe Anderson,101537,70,68,155,3045,9,6,7,49,0,0,0,3,0,0,18,619,882.2,1042.4,799.0,272.2
391,86934,19,Lanzini,86934,65,64,31,685,1,2,2,12,0,0,0,2,0,0,3,148,141.0,118.2,165.0,42.4
392,56377,19,Yarmolenko,56377,70,67,27,456,2,1,1,6,0,0,0,2,0,0,2,88,86.0,84.6,122.0,29.1
393,18987,19,Snodgrass,18987,55,50,85,2215,2,5,5,33,0,0,0,10,0,0,9,364,460.8,976.0,380.0,181.5
394,54102,19,Wilshere,54102,50,48,17,388,0,2,1,10,0,0,0,2,0,0,0,90,72.0,74.0,17.0,16.3
395,204480,19,Rice,204480,45,44,92,3003,2,0,6,47,0,0,0,4,0,0,9,586,584.4,174.2,213.0,97.1
396,18073,19,Noble,18073,50,48,99,2289,5,5,7,31,0,0,0,6,1,0,5,454,521.4,359.8,196.0,107.6
397,42824,19,Carlos Sánchez,42824,45,43,9,240,0,0,0,4,0,0,0,0,0,0,0,44,24.6,28.8,24.0,7.8
398,179830,19,Diangana,179830,45,45,25,600,0,1,2,13,0,0,0,0,0,0,0,86,115.0,174.5,175.0,46.2
400,59779,19,Obiang,59779,45,42,43,1116,0,2,2,21,0,0,0,0,0,0,1,188,219.2,105.9,112.0,43.6
401,87835,20,Doherty,87835,45,53,144,3141,4,7,8,41,1,0,0,5,0,0,12,596,758.8,547.4,711.0,201.6
402,114128,20,Jonny,114128,45,43,103,2772,1,3,8,39,0,0,0,6,0,0,9,488,523.4,447.3,361.0,133.3
403,94147,20,Coady,94147,45,45,94,3420,0,0,9,46,3,0,0,5,0,0,6,585,593.2,26.2,0.0,61.8
404,41727,20,Bennett,41727,40,41,89,3060,1,0,9,38,0,0,0,12,0,0,1,467,566.4,129.7,172.0,86.9
405,90585,20,Boly,90585,45,47,120,3168,4,0,8,43,0,0,0,2,1,0,10,635,954.2,146.9,279.0,137.7
406,216054,20,Vinagre,216054,45,43,24,703,0,0,1,9,0,0,0,1,0,0,0,118,117.0,113.7,69.0,30.0
407,107613,20,Saïss,107613,45,42,47,1142,2,0,3,17,0,0,0,7,0,0,5,248,363.6,70.9,129.0,56.2
408,214048,20,Kilman,214048,40,40,1,1,0,0,0,0,0,0,0,0,0,0,0,3,0.0,0.0,0.0,0.0
409,102057,20,Jiménez,102057,55,69,181,3112,13,10,12,40,0,0,0,4,0,0,31,602,788.8,648.5,1428.0,285.4
410,194634,20,Jota,194634,65,63,139,2352,9,8,10,29,0,0,0,11,0,0,13,386,559.6,402.5,888.0,185.0
411,38533,20,Patrício,38533,45,45,118,3330,0,0,8,46,0,0,0,0,0,97,4,581,695.0,0.0,0.0,69.1
412,19236,20,Ruddy,19236,45,42,7,90,0,0,1,0,0,0,0,0,0,3,0,25,26.6,0.0,0.0,2.7
413,168399,20,Norris,168399,40,39,1,1,0,0,0,0,0,0,0,0,0,0,0,3,0.0,0.0,0.0,0.0
414,171317,20,Neves,171317,50,49,104,3006,4,3,8,43,0,0,0,8,0,0,7,483,698.2,365.9,402.0,146.8
415,19624,20,Moutinho,19624,55,51,119,3030,1,8,9,39,0,0,0,4,0,0,13,628,812.6,1245.8,102.0,216.4
416,222531,20,Gibbs-White,222531,45,43,37,645,0,1,4,12,0,0,0,1,0,0,0,113,73.2,181.1,72.0,32.5
417,159533,20,Traoré,159533,55,51,44,884,1,1,1,13,0,0,0,1,0,0,2,182,223.4,271.3,265.0,75.8
418,165808,20,Costa,165808,50,46,52,1333,1,2,5,19,0,0,0,3,0,0,0,136,162.8,264.0,280.0,70.9
419,166324,20,Cavaleiro,166324,55,52,48,677,3,1,1,11,0,0,0,1,0,0,3,156,198.0,313.6,156.0,66.0
420,151589,20,Dendoncker,151589,45,43,48,1465,2,0,3,21,0,0,0,1,0,0,1,209,334.8,126.6,288.0,75.1
